"Gene","dataset","SampleID","crt_hap","crt_AA","Res_lv","hap_r_num"
"crt","M03","HAM14-373-D0","74/75/76","IET","RRR",3
"crt","M03","HAM14-399-D0","74/75/76","IET","RRR",3
"crt","M03","HAM15-061-D0","74/75/76","IET","RRR",3
"crt","M03","HAM15-075-D0","74/75/76","IET","RRR",3
"crt","M03","HAM16-076-D0","74/75/76","MNK","WT",0
"crt","M03","HAM16-084-D0","74/75/76","IET","RRR",3
"crt","M03","HAM16-097-D0","74/75/76","IET","RRR",3
"crt","M03","HAM16-116-D0","74/75/76","IET","RRR",3
"crt","M03","HAM16-221-D0","74/75/76","IET","RRR",3
"crt","M03","HT25082010-02","74/75/76","IET","RRR",3
"crt","M04","HAM14-407-D0","74/75/76","IET","RRR",3
"crt","M04","HAM16-058-D0","74/75/76","IET","RRR",3
"crt","M04","HAM16-077-D0","74/75/76","IET","RRR",3
"crt","M04","HAM16-126-D0","74/75/76","IET","RRR",3
"crt","M04","HAM16-128-D0","74/75/76","IET","RRR",3
"crt","M04","HAM16-134-D0","74/75/76","IET","RRR",3
"crt","M04","HAM16-137-D0","74/75/76","IET","RRR",3
"crt","M04","HAM16-286-D0","74/75/76","IET","RRR",3
"crt","M04","HAM16-381-D0","74/75/76","IET","RRR",3
"crt","M04","HAM16-383-D0","74/75/76","IET","RRR",3
"crt","M04","HAM16-444-D0","74/75/76","IET","RRR",3
"crt","M04","HT02032011-03","74/75/76","IET","RRR",3
"crt","M04","HT06012013-07","74/75/76","IET","RRR",3
"crt","M04","HT15032011-09","74/75/76","IET","RRR",3
"crt","M04","HT17032010-01","74/75/76","IET","RRR",3
"crt","M04","HT18032010-05","74/75/76","IET","RRR",3
"crt","M04","HT19032010-10","74/75/76","IET","RRR",3
"crt","M04","HT21012013-05","74/75/76","IET","RRR",3
"crt","M04","HT22012013-12","74/75/76","IET","RRR",3
"crt","M04","HT25022011-03","74/75/76","IET","RRR",3
"crt","M05","HAM14-013-D0","74/75/76","IET","RRR",3
"crt","M05","HAM14-014-D0","74/75/76","IET","RRR",3
"crt","M05","HAM15-019-D0","74/75/76","MNK","WT",0
"crt","M05","HAM16-132-D0","74/75/76","IET","RRR",3
"crt","M05","HAM16-145-D0","74/75/76","IET","RRR",3
"crt","M05","HAM16-149-D0","74/75/76","IET","RRR",3
"crt","M05","HAM16-160-D0","74/75/76","IET","RRR",3
"crt","M05","HAM16-168-D0","74/75/76","IET","RRR",3
"crt","M05","HAM16-197-D0","74/75/76","IET","RRR",3
"crt","M05","HAM16-233-D0","74/75/76","IET","RRR",3
"crt","M05","HAM16-276-D0","74/75/76","IET","RRR",3
"crt","M05","HAM16-292-D0","74/75/76","IET","RRR",3
"crt","M05","HAM16-375-D0","74/75/76","IET","RRR",3
"crt","M05","HAM16-424-D0","74/75/76","IET","RRR",3
"crt","M05","HAM16-430-D0","74/75/76","IET","RRR",3
"crt","M05","HAM16-496-D0","74/75/76","IET","RRR",3
"crt","M06","HAM15-055-D0","74/75/76","IET","RRR",3
"crt","M06","HAM15-106-D0","74/75/76","IET","RRR",3
"crt","M06","HAM16-003-D0","74/75/76","IET","RRR",3
"crt","M06","HAM16-010-D0","74/75/76","IET","RRR",3
"crt","M06","HAM16-012-D0","74/75/76","IET","RRR",3
"crt","M06","HAM16-013-D0","74/75/76","IET","RRR",3
"crt","M06","HAM16-014-D0","74/75/76","IET","RRR",3
"crt","M06","HAM16-016-D0","74/75/76","IET","RRR",3
"crt","M06","HAM16-019-D0","74/75/76","IET","RRR",3
"crt","M06","HAM16-030-D0","74/75/76","IET","RRR",3
"crt","M06","HAM16-039-D0","74/75/76","IET","RRR",3
"crt","M06","HAM16-053-D0","74/75/76","IET","RRR",3
"crt","M06","HAM16-054-D0","74/75/76","IET","RRR",3
"crt","M06","HAM16-060-D0","74/75/76","IET","RRR",3
"crt","M06","HAM16-064-D0","74/75/76","IET","RRR",3
"crt","M06","HAM16-066-D0","74/75/76","IET","RRR",3
"crt","M06","HAM16-067-D0","74/75/76","IET","RRR",3
"crt","M06","HAM16-078-D0","74/75/76","IET","RRR",3
"crt","M06","HAM16-082-D0","74/75/76","IET","RRR",3
"crt","M06","HAM16-098-D0","74/75/76","IET","RRR",3
"crt","M06","HAM16-101-D0","74/75/76","IET","RRR",3
"crt","M06","HAM16-122-D0","74/75/76","IET","RRR",3
"crt","M06","HAM16-127-D0","74/75/76","IET","RRR",3
"crt","M06","HAM16-135-D0","74/75/76","IET","RRR",3
"crt","M06","HAM16-179-D0","74/75/76","IET","RRR",3
"crt","M06","HAM16-205-D0","74/75/76","IET","RRR",3
"crt","M06","HAM16-246-D0","74/75/76","IET","RRR",3
"crt","M06","HAM16-260-D0","74/75/76","IET","RRR",3
"crt","M06","HAM16-264-D0","74/75/76","IET","RRR",3
"crt","M06","HAM16-290-D0","74/75/76","IET","RRR",3
"crt","M06","HAM16-313-D0","74/75/76","IET","RRR",3
"crt","M06","HAM16-314-D0","74/75/76","IET","RRR",3
"crt","M06","HAM16-325-D0","74/75/76","IET","RRR",3
"crt","M06","HAM16-357-D0","74/75/76","MNK","WT",0
"crt","M06","HAM16-364-D0","74/75/76","IET","RRR",3
"crt","M06","HAM16-366-D0","74/75/76","IET","RRR",3
"crt","M06","HAM16-396-D0","74/75/76","IET","RRR",3
"crt","M06","HAM16-411-D0","74/75/76","IET","RRR",3
"crt","M06","HAM16-419-D0","74/75/76","IET","RRR",3
"crt","M06","HAM16-425-D0","74/75/76","IET","RRR",3
"crt","M06","HAM16-426-D0","74/75/76","IET","RRR",3
"crt","M06","HAM16-433-D0","74/75/76","IET","RRR",3
"crt","M06","HAM16-469-D0","74/75/76","IET","RRR",3
"crt","M06","HAM16-486-D0","74/75/76","IET","RRR",3
"crt","M06","HAM16-487-D0","74/75/76","IET","RRR",3
"crt","M06","HAM16-499-D0","74/75/76","IET","RRR",3
"crt","M06","HAM16-500-D0","74/75/76","IET","RRR",3
"crt","M06","HAM16-518-D0","74/75/76","IET","RRR",3
"crt","M08","HAM14-004-D0","74/75/76","IET","RRR",3
"crt","M08","HAM14-006-D0","74/75/76","IET","RRR",3
"crt","M08","HAM14-007-D0","74/75/76","IET","RRR",3
"crt","M08","HAM14-009-D0","74/75/76","IET","RRR",3
"crt","M08","HAM14-019-D0","74/75/76","IET","RRR",3
"crt","M08","HAM14-021-D0","74/75/76","IET","RRR",3
"crt","M08","HAM14-024-D0","74/75/76","IET","RRR",3
"crt","M08","HAM14-025-D0","74/75/76","IET","RRR",3
"crt","M08","HAM15-004-D0","74/75/76","IET","RRR",3
"crt","M08","HAM15-008-D0","74/75/76","IET","RRR",3
"crt","M08","HAM15-011-D0","74/75/76","IET","RRR",3
"crt","M08","HAM15-016-D0","74/75/76","IET","RRR",3
"crt","M08","HAM15-112-D0","74/75/76","IET","RRR",3
"crt","M08","HAM15-114-D0","74/75/76","IET","RRR",3
"crt","M08","HAM15-115-D0","74/75/76","IET","RRR",3
"crt","M08","HAM15-117-D0","74/75/76","IET","RRR",3
"crt","M08","HAM15-119-D0","74/75/76","IET","RRR",3
"crt","M08","HAM15-122-D0","74/75/76","IET","RRR",3
"crt","M08","HAM15-123-D0","74/75/76","IET","RRR",3
"crt","M08","HAM15-129-D0","74/75/76","IET","RRR",3
"crt","M08","HAM15-132-D0","74/75/76","IET","RRR",3
"crt","M08","HAM15-137-D0","74/75/76","IET","RRR",3
"crt","M08","HAM15-147-D0","74/75/76","MNK","WT",0
"crt","M08","HAM15-208-D0","74/75/76","IET","RRR",3
"crt","M08","HAM15-224-D0","74/75/76","IET","RRR",3
"crt","M08","HAM15-229-D0","74/75/76","IET","RRR",3
"crt","M08","HAM15-245-D0","74/75/76","IET","RRR",3
"crt","M08","HAM15-248-D0","74/75/76","IET","RRR",3
"crt","M08","HAM15-260-D0","74/75/76","IET","RRR",3
"crt","M08","HAM15-266-D0","74/75/76","IET","RRR",3
"crt","M08","HAM15-278-D0","74/75/76","IET","RRR",3
"crt","M08","HAM15-286-D0","74/75/76","IET","RRR",3
"crt","M08","HAM15-293-D0","74/75/76","IET","RRR",3
"crt","M08","HAM15-298-D0","74/75/76","IET","RRR",3
"crt","M08","HAM15-301-D0","74/75/76","IET","RRR",3
"crt","M08","HAM15-320-D0","74/75/76","IET","RRR",3
"crt","M08","HAM15-327-D0","74/75/76","IET","RRR",3
"crt","M08","HAM15-359-D0","74/75/76","IET","RRR",3
"crt","M08","HAM15-379-D0","74/75/76","IET","RRR",3
"crt","M08","HAM15-409-D0","74/75/76","IET","RRR",3
"crt","M08","HAM15-410-D0","74/75/76","IET","RRR",3
"crt","M08","HAM15-440-D0","74/75/76","IET","RRR",3
"crt","M08","HAM15-450-D0","74/75/76","IET","RRR",3
"crt","M08","HAM15-452-D0","74/75/76","IET","RRR",3
"crt","M08","HAM15-462-D0","74/75/76","IET","RRR",3
"crt","M08","HAM15-488-D0","74/75/76","IET","RRR",3
"crt","M08","HAM15-489-D0","74/75/76","IET","RRR",3
"crt","M08","HAM15-498-D0","74/75/76","IET","RRR",3
"crt","M08","HAM15-503-D0","74/75/76","IET","RRR",3
"crt","M08","HAM15-514-D0","74/75/76","IET","RRR",3
"crt","M08","HAM15-551-D0","74/75/76","IET","RRR",3
"crt","M08","HAM15-555-D0","74/75/76","IET","RRR",3
"crt","M08","HAM15-558-D0","74/75/76","IET","RRR",3
"crt","M08","HAM15-606-D0","74/75/76","IET","RRR",3
"crt","M08","HAM15-630-D0","74/75/76","IET","RRR",3
"crt","M08","HAM15-641-D0","74/75/76","IET","RRR",3
"crt","M08","HAM15-645-D0","74/75/76","IET","RRR",3
"crt","M08","HAM15-666-D0","74/75/76","IET","RRR",3
"crt","M08","HAM16-068-D0","74/75/76","IET","RRR",3
"crt","M08","HAM16-080-D0","74/75/76","IET","RRR",3
"crt","M08","HAM16-083-D0","74/75/76","IET","RRR",3
"crt","M08","HAM16-093-D0","74/75/76","IET","RRR",3
"crt","M08","HAM16-107-D0","74/75/76","IET","RRR",3
"crt","M08","HAM16-123-D0","74/75/76","IET","RRR",3
"crt","M08","HAM16-156-D0","74/75/76","IET","RRR",3
"crt","M08","HAM16-157-D0","74/75/76","IET","RRR",3
"crt","M08","HAM16-167-D0","74/75/76","IET","RRR",3
"crt","M08","HAM16-169-D0","74/75/76","IET","RRR",3
"crt","M08","HAM16-171-D0","74/75/76","IET","RRR",3
"crt","M08","HAM16-182-D0","74/75/76","IET","RRR",3
"crt","M08","HAM16-185-D0","74/75/76","MNK","WT",0
"crt","M08","HAM16-201-D0","74/75/76","IET","RRR",3
"crt","M08","HAM16-278-D0","74/75/76","IET","RRR",3
"crt","M08","HAM16-279-D0","74/75/76","IET","RRR",3
"crt","M08","HAM16-294-D0","74/75/76","IET","RRR",3
"crt","M08","HAM16-295-D0","74/75/76","IET","RRR",3
"crt","M08","HAM16-303-D0","74/75/76","IET","RRR",3
"crt","M08","HAM16-309-D0","74/75/76","IET","RRR",3
"crt","M08","HAM16-358-D0","74/75/76","IET","RRR",3
"crt","M08","HAM16-373-D0","74/75/76","IET","RRR",3
"crt","M08","HAM16-407-D0","74/75/76","IET","RRR",3
"crt","M11","HT01062010-02","74/75/76","IET","RRR",3
"crt","M11","HT03062010-03","74/75/76","IET","RRR",3
"crt","M11","HT04092010-01","74/75/76","IET","RRR",3
"crt","M11","HT07042010-03","74/75/76","IET","RRR",3
"crt","M11","HT07052010-01","74/75/76","IET","RRR",3
"crt","M11","HT08102010-02","74/75/76","IET","RRR",3
"crt","M11","HT09042010-01","74/75/76","IET","RRR",3
"crt","M11","HT09052010-01","74/75/76","IET","RRR",3
"crt","M11","HT09052010-02","74/75/76","IET","RRR",3
"crt","M11","HT09052010-05","74/75/76","IET","RRR",3
"crt","M11","HT10062010-03","74/75/76","IET","RRR",3
"crt","M11","HT11052010-10","74/75/76","IET","RRR",3
"crt","M11","HT13042010-04","74/75/76","IET","RRR",3
"crt","M11","HT13042010-05","74/75/76","IET","RRR",3
"crt","M11","HT13072010-03","74/75/76","IET","RRR",3
"crt","M11","HT15052010-03","74/75/76","IET","RRR",3
"crt","M11","HT15092010-01","74/75/76","IET","RRR",3
"crt","M11","HT16032010-08","74/75/76","IET","RRR",3
"crt","M11","HT16042010-02","74/75/76","IET","RRR",3
"crt","M11","HT17042010-01","74/75/76","IET","RRR",3
"crt","M11","HT19032010-01","74/75/76","IET","RRR",3
"crt","M11","HT19032010-03","74/75/76","IET","RRR",3
"crt","M11","HT19032010-04","74/75/76","IET","RRR",3
"crt","M11","HT21042010-06","74/75/76","IET","RRR",3
"crt","M11","HT23032010-01","74/75/76","IET","RRR",3
"crt","M11","HT23092011-02","74/75/76","IET","RRR",3
"crt","M11","HT24042010-02","74/75/76","IET","RRR",3
"crt","M11","HT24042010-04","74/75/76","IET","RRR",3
"crt","M11","HT24092011-02","74/75/76","IET","RRR",3
"crt","M11","HT26042010-01","74/75/76","IET","RRR",3
"crt","M11","HT26092011-02","74/75/76","IET","RRR",3
"crt","M11","HT27042010-04","74/75/76","IET","RRR",3
"crt","M11","HT27042010-06","74/75/76","IET","RRR",3
"crt","M11","HT27092010-01","74/75/76","IET","RRR",3
"crt","M11","HT28032010-03","74/75/76","IET","RRR",3
"crt","M11","HT28042010-01","74/75/76","IET","RRR",3
"crt","M11","HT28092011-03","74/75/76","IET","RRR",3
"crt","M11","HT30032010-01","74/75/76","IET","RRR",3
"crt","M11","HT30042010-03","74/75/76","IET","RRR",3
"crt","M11","HT30042010-06","74/75/76","IET","RRR",3
"crt","M11","HT30042010-10","74/75/76","IET","RRR",3
"crt","M12","HAM14-031-D0","74/75/76","IET","RRR",3
"crt","M12","HAM14-114-D0","74/75/76","IET","RRR",3
"crt","M12","HAM14-157-D0","74/75/76","IET","RRR",3
"crt","M12","HAM14-269-D0","74/75/76","IET","RRR",3
"crt","M12","HAM14-293-D0","74/75/76","IET","RRR",3
"crt","M12","HAM14-424-D0","74/75/76","IET","RRR",3
"crt","M12","HAM14-461-D0","74/75/76","IET","RRR",3
"crt","M12","HAM14-499-D0","74/75/76","IET","RRR",3
"crt","M12","HAM15-002-D0","74/75/76","IET","RRR",3
"crt","M12","HAM15-039-D0","74/75/76","IET","RRR",3
"crt","M12","HAM15-043-D0","74/75/76","IET","RRR",3
"crt","M12","HAM15-063-D0","74/75/76","IET","RRR",3
"crt","M12","HAM15-077-D0","74/75/76","IET","RRR",3
"crt","M12","HAM15-128-D0","74/75/76","IET","RRR",3
"crt","M12","HAM15-174-D0","74/75/76","IET","RRR",3
"crt","M12","HAM15-180-D0","74/75/76","IET","RRR",3
"crt","M12","HAM15-194-D0","74/75/76","IET","RRR",3
"crt","M12","HAM15-219-D0","74/75/76","IET","RRR",3
"crt","M12","HAM15-269-D0","74/75/76","IET","RRR",3
"crt","M12","HAM15-276-D0","74/75/76","IET","RRR",3
"crt","M12","HAM15-290-D0","74/75/76","IET","RRR",3
"crt","M12","HAM15-650-D0","74/75/76","IET","RRR",3
"crt","M12","HAM16-004-D0","74/75/76","IET","RRR",3
"crt","M12","HAM16-018-D0","74/75/76","IET","RRR",3
"crt","M12","HAM16-050-D0","74/75/76","IET","RRR",3
"crt","M12","HAM16-055-D0","74/75/76","IET","RRR",3
"crt","M12","HAM16-056-D0","74/75/76","IET","RRR",3
"crt","M12","HAM16-059-D0","74/75/76","IET","RRR",3
"crt","M12","HAM16-099-D0","74/75/76","IET","RRR",3
"crt","M12","HAM16-175-D0","74/75/76","IET","RRR",3
"crt","M12","HAM16-195-D0","74/75/76","IET","RRR",3
"crt","M12","HAM16-199-D0","74/75/76","IET","RRR",3
"crt","M12","HAM16-200-D0","74/75/76","IET","RRR",3
"crt","M12","HAM16-249-D0","74/75/76","IET","RRR",3
"crt","M12","HAM16-250-D0","74/75/76","IET","RRR",3
"crt","M12","HAM16-252-D0","74/75/76","IET","RRR",3
"crt","M12","HAM16-253-D0","74/75/76","IET","RRR",3
"crt","M12","HAM16-258-D0","74/75/76","IET","RRR",3
"crt","M12","HAM16-287-D0","74/75/76","IET","RRR",3
"crt","M12","HAM16-298-D0","74/75/76","IET","RRR",3
"crt","M12","HAM16-312-D0","74/75/76","MNK","WT",0
"crt","M12","HAM16-322-D0","74/75/76","IET","RRR",3
"crt","M12","HAM16-464-D0","74/75/76","IET","RRR",3
"crt","M12","HAM16-485-D0","74/75/76","IET","RRR",3
"crt","M12","HAM16-504-D0","74/75/76","IET","RRR",3
"crt","M12","HAM16-513-D0","74/75/76","IET","RRR",3
"crt","M12","HAM16-516-D0","74/75/76","IET","RRR",3
"crt","M12","HT01072012-07","74/75/76","IET","RRR",3
"crt","M12","HT01072012-24","74/75/76","IET","RRR",3
"crt","M12","HT04012013-02","74/75/76","IET","RRR",3
"crt","M12","HT05102012-01","74/75/76","IET","RRR",3
"crt","M12","HT06012013-02","74/75/76","IET","RRR",3
"crt","M12","HT08012013-02","74/75/76","IET","RRR",3
"crt","M12","HT11112010-03","74/75/76","IET","RRR",3
"crt","M12","HT12012013-01","74/75/76","IET","RRR",3
"crt","M12","HT14022013-04","74/75/76","IET","RRR",3
"crt","M12","HT15032013-02","74/75/76","IET","RRR",3
"crt","M12","HT18012013-02","74/75/76","IET","RRR",3
"crt","M12","HT19012011-03","74/75/76","IET","RRR",3
"crt","M12","HT19072012-01","74/75/76","IET","RRR",3
"crt","M12","HT22072012-01","74/75/76","IET","RRR",3
"crt","M12","HT23112012-01","74/75/76","IET","RRR",3
"crt","M12","HT24092011-01","74/75/76","IET","RRR",3
"crt","M12","HT25042010-01","74/75/76","IET","RRR",3
"crt","M12","HT26092011-01","74/75/76","IET","RRR",3
"crt","M12","HT27092011-01","74/75/76","IET","RRR",3
"crt","M12","HT28092010-01","74/75/76","IET","RRR",3
"crt","M12","HT28092010-02","74/75/76","IET","RRR",3
"crt","M12","HT29032010-01","74/75/76","IET","RRR",3
"crt","M12","HT31072012-01","74/75/76","IET","RRR",3
"crt","M14","HAM14-052-D0","74/75/76","IET","RRR",3
"crt","M14","HAM14-053-D0","74/75/76","IET","RRR",3
"crt","M14","HAM14-056-D0","74/75/76","IET","RRR",3
"crt","M14","HAM14-064-D0","74/75/76","IET","RRR",3
"crt","M14","HAM14-068-D0","74/75/76","IET","RRR",3
"crt","M14","HAM14-076-D0","74/75/76","IET","RRR",3
"crt","M14","HAM14-079-D0","74/75/76","IET","RRR",3
"crt","M14","HAM14-108-D0","74/75/76","IET","RRR",3
"crt","M14","HAM14-112-D0","74/75/76","IET","RRR",3
"crt","M14","HAM14-127-D0","74/75/76","IET","RRR",3
"crt","M14","HAM14-128-D0","74/75/76","IET","RRR",3
"crt","M14","HAM14-129-D0","74/75/76","IET","RRR",3
"crt","M14","HAM14-141-D0","74/75/76","IET","RRR",3
"crt","M14","HAM14-143-D0","74/75/76","IET","RRR",3
"crt","M14","HAM14-144-D0","74/75/76","IET","RRR",3
"crt","M14","HAM14-268-D0","74/75/76","IET","RRR",3
"crt","M14","HAM14-447-D0","74/75/76","IET","RRR",3
"crt","M14","HAM15-111-D0","74/75/76","IET","RRR",3
"crt","M14","HAM15-302-D0","74/75/76","IET","RRR",3
"crt","M14","HAM15-622-D0","74/75/76","IET","RRR",3
"crt","M14","HAM15-623-D0","74/75/76","MNK","WT",0
"crt","M14","HAM16-110-D0","74/75/76","IET","RRR",3
"crt","M14","HAM16-112-D0","74/75/76","IET","RRR",3
"crt","M14","HAM16-190-D0","74/75/76","IET","RRR",3
"crt","M14","HT02062010-04","74/75/76","IET","RRR",3
"crt","M14","HT03042011-01","74/75/76","IET","RRR",3
"crt","M14","HT05012011-04","74/75/76","IET","RRR",3
"crt","M14","HT06122010-01","74/75/76","IET","RRR",3
"crt","M14","HT07042013-02","74/75/76","IET","RRR",3
"crt","M14","HT08102010-03","74/75/76","IET","RRR",3
"crt","M14","HT09032011-04","74/75/76","IET","RRR",3
"crt","M14","HT10022012-01","74/75/76","IET","RRR",3
"crt","M14","HT10022012-03","74/75/76","IET","RRR",3
"crt","M14","HT12012011-01","74/75/76","IET","RRR",3
"crt","M14","HT12032012-02","74/75/76","IET","RRR",3
"crt","M14","HT13032013-01","74/75/76","IET","RRR",3
"crt","M14","HT13072012-10","74/75/76","IET","RRR",3
"crt","M14","HT14012013-05","74/75/76","IET","RRR",3
"crt","M14","HT15012011-01","74/75/76","IET","RRR",3
"crt","M14","HT16042011-06","74/75/76","IET","RRR",3
"crt","M14","HT17052012-08","74/75/76","IET","RRR",3
"crt","M14","HT18042011-07","74/75/76","IET","RRR",3
"crt","M14","HT19022012-01","74/75/76","IET","RRR",3
"crt","M14","HT19022012-08","74/75/76","IET","RRR",3
"crt","M14","HT19052012-14","74/75/76","IET","RRR",3
"crt","M14","HT20072012-03","74/75/76","IET","RRR",3
"crt","M14","HT22012013-09","74/75/76","IET","RRR",3
"crt","M14","HT23022012-02","74/75/76","IET","RRR",3
"crt","M14","HT24042013-02","74/75/76","IET","RRR",3
"crt","M14","HT28012011-01","74/75/76","IET","RRR",3
"crt","M14","HT29012011-06","74/75/76","IET","RRR",3
"crt","M14","HT29032012-02","74/75/76","IET","RRR",3
"crt","M14","HT29062010-01","74/75/76","IET","RRR",3
"crt","NS1","HAM15-000136","74/75/76","IET","RRR",3
"crt","NS1","HAM15-000163","74/75/76","IET","RRR",3
"crt","NS1","HAM15-000173","74/75/76","IET","RRR",3
"crt","NS1","HAM15-000189","74/75/76","IET","RRR",3
"crt","NS1","HAM15-000230","74/75/76","IET","RRR",3
"crt","NS1","HAM15-000265","74/75/76","IET","RRR",3
"crt","NS1","HAM15-000375","74/75/76","IET","RRR",3
"crt","NS1","HAM15-000381","74/75/76","IET","RRR",3
"crt","NS1","HAM15-000396","74/75/76","IET","RRR",3
"crt","NS1","HAM15-000414","74/75/76","IET","RRR",3
"crt","NS1","HAM15-000419","74/75/76","IET","RRR",3
"crt","NS1","HAM15-000483","74/75/76","IET","RRR",3
"crt","NS1","HAM15-000518","74/75/76","IET","RRR",3
"crt","NS1","HAM15-000548","74/75/76","IET","RRR",3
"crt","NS1","HAM15-000565","74/75/76","IET","RRR",3
"crt","NS1","HAM15-000570","74/75/76","IET","RRR",3
"crt","NS1","HAM15-000572","74/75/76","IET","RRR",3
"crt","NS1","HAM15-000593","74/75/76","IET","RRR",3
"crt","NS1","HAM15-000608","74/75/76","IET","RRR",3
"crt","NS1","HAM15-000612","74/75/76","IET","RRR",3
"crt","NS1","HAM15-000624","74/75/76","IET","RRR",3
"crt","NS1","HAM15-000628","74/75/76","IET","RRR",3
"crt","NS1","HAM15-000632","74/75/76","IET","RRR",3
"crt","NS1","HAM15-000634","74/75/76","IET","RRR",3
"crt","NS1","HAM15-000635","74/75/76","IET","RRR",3
"crt","NS1","HAM15-000637","74/75/76","IET","RRR",3
"crt","NS1","HAM15-000648","74/75/76","IET","RRR",3
"crt","NS1","HAM15-000651","74/75/76","IET","RRR",3
"crt","NS1","HAM15-000657","74/75/76","IET","RRR",3
"crt","NS1","HAM15-000658","74/75/76","IET","RRR",3
"crt","NS1","HAM15-000659","74/75/76","IET","RRR",3
"crt","NS1","HAM15-000660","74/75/76","IET","RRR",3
"crt","NS1","HAM15-000661","74/75/76","IET","RRR",3
"crt","NS1","HAM15-000662","74/75/76","IET","RRR",3
"crt","NS1","HAM15-000668","74/75/76","IET","RRR",3
"crt","NS1","HAM15-000673","74/75/76","IET","RRR",3
"crt","NS1","HAM15-000680","74/75/76","IET","RRR",3
"crt","NS1","HAM15-000682","74/75/76","IET","RRR",3
"crt","NS1","HAM15-000683","74/75/76","IET","RRR",3
"crt","NS1","HAM15-000686","74/75/76","IET","RRR",3
"crt","NS1","HAM15-000688","74/75/76","IET","RRR",3
"crt","NS1","HAM15-000689","74/75/76","IET","RRR",3
"crt","NS1","HAM15-000690","74/75/76","IET","RRR",3
"crt","NS1","HAM15-000692","74/75/76","IET","RRR",3
"crt","NS1","HAM15-000693","74/75/76","IET","RRR",3
"crt","NS1","HAM15-000694","74/75/76","IET","RRR",3
"crt","NS1","HAM15-000698","74/75/76","IET","RRR",3
"crt","NS1","HAM15-000702","74/75/76","IET","RRR",3
"crt","NS1","HAM15-000703","74/75/76","IET","RRR",3
"crt","NS1","HAM15-000705","74/75/76","IET","RRR",3
"crt","NS1","HAM15-000706","74/75/76","IET","RRR",3
"crt","NS1","HAM15-000708","74/75/76","IET","RRR",3
"crt","NS1","HAM15-000710","74/75/76","IET","RRR",3
"crt","NS1","HAM15-000711","74/75/76","IET","RRR",3
"crt","NS1","HAM15-000713","74/75/76","IET","RRR",3
"crt","NS1","HAM15-000716","74/75/76","IET","RRR",3
"crt","NS1","HAM15-000717","74/75/76","IET","RRR",3
"crt","NS1","HAM15-000719","74/75/76","IET","RRR",3
"crt","NS1","HAM15-000721","74/75/76","IET","RRR",3
"crt","NS1","HAM15-000726","74/75/76","IET","RRR",3
"crt","NS1","HAM15-000728","74/75/76","IET","RRR",3
"crt","NS1","HAM15-000729","74/75/76","IET","RRR",3
"crt","NS1","HAM15-000731","74/75/76","IET","RRR",3
"crt","NS1","HAM15-000733","74/75/76","IET","RRR",3
"crt","NS1","HAM15-000736","74/75/76","IET","RRR",3
"crt","NS1","HAM15-000737","74/75/76","IET","RRR",3
"crt","NS1","HAM15-000738","74/75/76","IET","RRR",3
"crt","NS1","HAM15-000740","74/75/76","IET","RRR",3
"crt","NS1","HAM15-000741","74/75/76","IET","RRR",3
"crt","NS1","HAM15-000751","74/75/76","IET","RRR",3
"crt","NS1","HAM15-000752","74/75/76","IET","RRR",3
"crt","NS1","HAM15-000753","74/75/76","IET","RRR",3
"crt","NS1","HAM15-000754","74/75/76","IET","RRR",3
"crt","NS1","HAM15-000755","74/75/76","IET","RRR",3
"crt","NS1","HAM15-000757","74/75/76","IET","RRR",3
"crt","NS1","HAM15-000758","74/75/76","IET","RRR",3
"crt","NS1","HAM15-000759","74/75/76","IET","RRR",3
"crt","NS1","HAM15-000760","74/75/76","IET","RRR",3
"crt","NS1","HAM15-000762","74/75/76","IET","RRR",3
"crt","NS1","HAM15-000765","74/75/76","IET","RRR",3
"crt","NS1","HAM15-000769","74/75/76","IET","RRR",3
"crt","NS1","HAM15-000770","74/75/76","MNK","WT",0
"crt","NS1","HAM15-000771","74/75/76","IET","RRR",3
"crt","NS1","HAM15-000774","74/75/76","IET","RRR",3
"crt","NS1","HAM15-000775","74/75/76","IET","RRR",3
"crt","NS1","HAM15-000776","74/75/76","IET","RRR",3
"crt","NS1","HAM15-000777","74/75/76","IET","RRR",3
"crt","NS1","HAM15-000778","74/75/76","MNK","WT",0
"crt","NS1","HAM15-000781","74/75/76","IET","RRR",3
"crt","NS1","HAM15-000782","74/75/76","IET","RRR",3
"crt","NS1","HAM15-000784","74/75/76","IET","RRR",3
"crt","NS2","HAM14-000042","74/75/76","IET","RRR",3
"crt","NS2","HAM14-000065","74/75/76","IET","RRR",3
"crt","NS2","HAM14-000067","74/75/76","IET","RRR",3
"crt","NS2","HAM14-000075","74/75/76","IET","RRR",3
"crt","NS2","HAM14-000094","74/75/76","IET","RRR",3
"crt","NS2","HAM14-000096","74/75/76","IET","RRR",3
"crt","NS2","HAM14-000103","74/75/76","IET","RRR",3
"crt","NS2","HAM14-000130","74/75/76","IET","RRR",3
"crt","NS2","HAM14-000145","74/75/76","IET","RRR",3
"crt","NS2","HAM14-000169","74/75/76","IET","RRR",3
"crt","NS2","HAM14-000193","74/75/76","IET","RRR",3
"crt","NS2","HAM14-000200","74/75/76","IET","RRR",3
"crt","NS2","HAM14-000204","74/75/76","IET","RRR",3
"crt","NS2","HAM14-000206","74/75/76","IET","RRR",3
"crt","NS2","HAM14-000210","74/75/76","IET","RRR",3
"crt","NS2","HAM14-000213","74/75/76","IET","RRR",3
"crt","NS2","HAM14-000220","74/75/76","IET","RRR",3
"crt","NS2","HAM14-000228","74/75/76","IET","RRR",3
"crt","NS2","HAM14-000233","74/75/76","IET","RRR",3
"crt","NS2","HAM14-000236","74/75/76","IET","RRR",3
"crt","NS2","HAM14-000260","74/75/76","IET","RRR",3
"crt","NS2","HAM14-000261","74/75/76","IET","RRR",3
"crt","NS2","HAM14-000263","74/75/76","IET","RRR",3
"crt","NS2","HAM14-000272","74/75/76","IET","RRR",3
"crt","NS2","HAM14-000281","74/75/76","IET","RRR",3
"crt","NS2","HAM14-000298","74/75/76","IET","RRR",3
"crt","NS2","HAM14-000303","74/75/76","IET","RRR",3
"crt","NS2","HAM14-000310","74/75/76","IET","RRR",3
"crt","NS2","HAM14-000316","74/75/76","IET","RRR",3
"crt","NS2","HAM14-000324","74/75/76","IET","RRR",3
"crt","NS2","HAM14-000328","74/75/76","IET","RRR",3
"crt","NS2","HAM14-000336","74/75/76","IET","RRR",3
"crt","NS2","HAM14-000337","74/75/76","IET","RRR",3
"crt","NS2","HAM14-000352","74/75/76","IET","RRR",3
"crt","NS2","HAM14-000355","74/75/76","IET","RRR",3
"crt","NS2","HAM14-000378","74/75/76","IET","RRR",3
"crt","NS2","HAM14-000390","74/75/76","IET","RRR",3
"crt","NS2","HAM14-000391","74/75/76","IET","RRR",3
"crt","NS2","HAM14-000392","74/75/76","IET","RRR",3
"crt","NS2","HAM14-000408","74/75/76","IET","RRR",3
"crt","NS2","HAM14-000417","74/75/76","IET","RRR",3
"crt","NS2","HAM14-000421","74/75/76","IET","RRR",3
"crt","NS2","HAM14-000428","74/75/76","IET","RRR",3
"crt","NS2","HAM14-000451","74/75/76","IET","RRR",3
"crt","NS2","HAM14-000455","74/75/76","IET","RRR",3
"crt","NS2","HAM14-000456","74/75/76","IET","RRR",3
"crt","NS2","HAM14-000459","74/75/76","IET","RRR",3
"crt","NS2","HAM14-000468","74/75/76","IET","RRR",3
"crt","NS2","HAM14-000469","74/75/76","IET","RRR",3
"crt","NS2","HAM14-000478","74/75/76","IET","RRR",3
"crt","NS2","HAM14-000484","74/75/76","IET","RRR",3
"crt","NS2","HAM14-000488","74/75/76","IET","RRR",3
"crt","NS2","HAM14-000501","74/75/76","IET","RRR",3
"crt","NS2","HAM14-000503","74/75/76","IET","RRR",3
"crt","NS2","HAM14-000510","74/75/76","IET","RRR",3
"crt","NS2","HAM14-000512","74/75/76","IET","RRR",3
"crt","NS2","HAM14-000513","74/75/76","IET","RRR",3
"crt","NS2","HAM14-000514","74/75/76","IET","RRR",3
"crt","NS2","HAM14-000515","74/75/76","IET","RRR",3
"crt","NS2","HAM14-000517","74/75/76","IET","RRR",3
"crt","NS2","HAM14-000519","74/75/76","MNK","WT",0
"crt","NS2","HAM14-000520","74/75/76","IET","RRR",3
"crt","NS2","HAM14-000521","74/75/76","IET","RRR",3
"crt","NS2","HAM14-000522","74/75/76","IET","RRR",3
"crt","NS2","HAM14-000526","74/75/76","IET","RRR",3
"crt","NS2","HAM14-000529","74/75/76","IET","RRR",3
"crt","NS2","HAM14-000530","74/75/76","IET","RRR",3
"crt","NS2","HAM14-000531","74/75/76","IET","RRR",3
"crt","NS2","HAM14-000532","74/75/76","IET","RRR",3
"crt","NS2","HAM14-000533","74/75/76","IET","RRR",3
"crt","NS2","HAM14-000534","74/75/76","IET","RRR",3
"crt","NS2","HAM14-000537","74/75/76","IET","RRR",3
"crt","NS2","HAM14-000540","74/75/76","IET","RRR",3
"crt","NS2","HAM14-000541","74/75/76","IET","RRR",3
"crt","NS2","HAM14-000542","74/75/76","IET","RRR",3
"crt","NS2","HAM14-000544","74/75/76","IET","RRR",3
"crt","NS2","HAM14-000547","74/75/76","IET","RRR",3
"crt","NS2","HAM14-000548","74/75/76","IET","RRR",3
"crt","NS2","HAM14-000552","74/75/76","IET","RRR",3
"crt","NS2","HAM14-000553","74/75/76","IET","RRR",3
"crt","NS2","HAM14-000555","74/75/76","IET","RRR",3
"crt","NS2","HAM14-000556","74/75/76","IET","RRR",3
"crt","NS2","HAM14-000557","74/75/76","MNK","WT",0
"crt","NS2","HAM14-000558","74/75/76","IET","RRR",3
"crt","NS2","HAM14-000559","74/75/76","MNK","WT",0
"crt","NS2","HAM14-000560","74/75/76","IET","RRR",3
"crt","NS2","HAM14-000565","74/75/76","MNK","WT",0
"crt","NS2","HAM14-000569","74/75/76","IET","RRR",3
"crt","NS2","HAM14-000572","74/75/76","IET","RRR",3
"crt","NS2","HAM14-000574","74/75/76","IET","RRR",3
"crt","NS2","HAM14-000575","74/75/76","IET","RRR",3
"crt","NS2","HAM14-000578","74/75/76","IET","RRR",3
"crt","NS2","HAM14-000579","74/75/76","IET","RRR",3
"crt","NS2","HAM14-000580","74/75/76","IET","RRR",3
"crt","NS2","HAM14-000581","74/75/76","IET","RRR",3
"crt","NS2","HAM14-000586","74/75/76","IET","RRR",3
"crt","NS2","HAM14-000588","74/75/76","IET","RRR",3
"crt","NS2","HAM14-000589","74/75/76","IET","RRR",3
"crt","NS2","HAM14-000590","74/75/76","IET","RRR",3
"crt","NS2","HAM14-000591","74/75/76","IET","RRR",3
"crt","NS2","HAM14-000594","74/75/76","MNK","WT",0
"crt","NS2","HAM14-000597","74/75/76","IET","RRR",3
"crt","NS2","HAM14-000599","74/75/76","IET","RRR",3
"crt","NS2","HAM14-000603","74/75/76","IET","RRR",3
"crt","NS2","HAM14-000604","74/75/76","IET","RRR",3
"crt","NS2","HAM14-000605","74/75/76","IET","RRR",3
"crt","NS2","HAM14-000606","74/75/76","IET","RRR",3
"crt","NS2","HAM14-000607","74/75/76","IET","RRR",3
"crt","NS2","HAM14-000608","74/75/76","IET","RRR",3
"crt","NS2","HAM14-000609","74/75/76","IET","RRR",3
"crt","NS2","HAM14-000610","74/75/76","IET","RRR",3
"crt","NS2","HAM14-000612","74/75/76","IET","RRR",3
"crt","NS2","HT01032013-9","74/75/76","IET","RRR",3
"crt","NS2","HT01052013-1","74/75/76","IET","RRR",3
"crt","NS2","HT01062010-1","74/75/76","IET","RRR",3
"crt","NS2","HT01062010-3","74/75/76","IET","RRR",3
"crt","NS2","HT01062012-10","74/75/76","IET","RRR",3
"crt","NS2","HT01062012-2","74/75/76","IET","RRR",3
"crt","NS2","HT01062013-18","74/75/76","IET","RRR",3
"crt","NS2","HT01072011-6","74/75/76","IET","RRR",3
"crt","NS2","HT01072011-7","74/75/76","IET","RRR",3
"crt","NS2","HT01072012-11","74/75/76","IET","RRR",3
"crt","NS2","HT01082012-3","74/75/76","IET","RRR",3
"crt","NS2","HT01082013-2","74/75/76","IET","RRR",3
"crt","NS2","HT01122011-13","74/75/76","IET","RRR",3
"crt","NS2","HT01122012-6","74/75/76","IET","RRR",3
"crt","NS2","HT01122013-1","74/75/76","IET","RRR",3
"crt","NS2","HT01122013-2","74/75/76","IET","RRR",3
"crt","NS2","HT02042012-4","74/75/76","IET","RRR",3
"crt","NS2","HT02052012-4","74/75/76","IET","RRR",3
"crt","NS2","HT02062010-5","74/75/76","IET","RRR",3
"crt","NS2","HT02062011-1","74/75/76","IET","RRR",3
"crt","NS2","HT02062011-14","74/75/76","IET","RRR",3
"crt","NS2","HT02062011-8","74/75/76","IET","RRR",3
"crt","NS2","HT02062012-10","74/75/76","IET","RRR",3
"crt","NS2","HT02062012-25","74/75/76","IET","RRR",3
"crt","NS2","HT02062013-7","74/75/76","IET","RRR",3
"crt","NS2","HT02072010-1","74/75/76","IET","RRR",3
"crt","NS2","HT02072013-8","74/75/76","IET","RRR",3
"crt","NS2","HT02082012-1","74/75/76","IET","RRR",3
"crt","NS2","HT02082012-2","74/75/76","IET","RRR",3
"crt","NS2","HT02082013-2","74/75/76","IET","RRR",3
"crt","NS2","HT02092013-1","74/75/76","IET","RRR",3
"crt","NS2","HT02102013-3","74/75/76","IET","RRR",3
"crt","NS2","HT02122010-1","74/75/76","IET","RRR",3
"crt","NS2","HT02122013-1","74/75/76","IET","RRR",3
"crt","NS2","HT02122013-2","74/75/76","IET","RRR",3
"crt","NS2","HT03012011-3","74/75/76","IET","RRR",3
"crt","NS2","HT03032011-1","74/75/76","IET","RRR",3
"crt","NS2","HT03032012-6","74/75/76","IET","RRR",3
"crt","NS2","HT03042011-3","74/75/76","IET","RRR",3
"crt","NS2","HT03052012-2","74/75/76","IET","RRR",3
"crt","NS2","HT03052012-4","74/75/76","IET","RRR",3
"crt","NS2","HT03062011-12","74/75/76","IET","RRR",3
"crt","NS2","HT03062013-11","74/75/76","IET","RRR",3
"crt","NS2","HT03062013-14","74/75/76","IET","RRR",3
"crt","NS2","HT03062013-27","74/75/76","IET","RRR",3
"crt","NS2","HT03072013-1","74/75/76","IET","RRR",3
"crt","NS2","HT03072013-2","74/75/76","IET","RRR",3
"crt","NS2","HT03072013-5","74/75/76","IET","RRR",3
"crt","NS2","HT03082012-3","74/75/76","IET","RRR",3
"crt","NS2","HT03082012-4","74/75/76","IET","RRR",3
"crt","NS2","HT03102013-1","74/75/76","IET","RRR",3
"crt","NS2","HT03112010-3","74/75/76","IET","RRR",3
"crt","NS2","HT03112012-2","74/75/76","IET","RRR",3
"crt","NS2","HT03122013-1","74/75/76","IET","RRR",3
"crt","NS2","HT04022011-7","74/75/76","IET","RRR",3
"crt","NS2","HT04032011-2","74/75/76","IET","RRR",3
"crt","NS2","HT04032011-3","74/75/76","IET","RRR",3
"crt","NS2","HT04032013-8","74/75/76","IET","RRR",3
"crt","NS2","HT04042011-7","74/75/76","IET","RRR",3
"crt","NS2","HT04062010-4","74/75/76","IET","RRR",3
"crt","NS2","HT04062011-6","74/75/76","IET","RRR",3
"crt","NS2","HT04062012-11","74/75/76","IET","RRR",3
"crt","NS2","HT04062012-2","74/75/76","IET","RRR",3
"crt","NS2","HT04062012-6","74/75/76","IET","RRR",3
"crt","NS2","HT04062012-7","74/75/76","IET","RRR",3
"crt","NS2","HT04072011-1","74/75/76","IET","RRR",3
"crt","NS2","HT04072011-6","74/75/76","IET","RRR",3
"crt","NS2","HT04092010-3","74/75/76","IET","RRR",3
"crt","NS2","HT04112010-1","74/75/76","IET","RRR",3
"crt","NS2","HT04112013-2","74/75/76","IET","RRR",3
"crt","NS2","HT04122012-12","74/75/76","IET","RRR",3
"crt","NS2","HT04122012-2","74/75/76","IET","RRR",3
"crt","NS2","HT04122012-4","74/75/76","IET","RRR",3
"crt","NS2","HT04122012-8","74/75/76","IET","RRR",3
"crt","NS2","HT04122013-2","74/75/76","IET","RRR",3
"crt","NS2","HT04122013-3","74/75/76","IET","RRR",3
"crt","NS2","HT05022011-2","74/75/76","IET","RRR",3
"crt","NS2","HT05032011-4","74/75/76","IET","RRR",3
"crt","NS2","HT05042011-1","74/75/76","IET","RRR",3
"crt","NS2","HT05042012-2","74/75/76","IET","RRR",3
"crt","NS2","HT05052010-2","74/75/76","IET","RRR",3
"crt","NS2","HT05052012-2","74/75/76","IET","RRR",3
"crt","NS2","HT05052013-3","74/75/76","IET","RRR",3
"crt","NS2","HT05062010-2","74/75/76","IET","RRR",3
"crt","NS2","HT05062011-1","74/75/76","IET","RRR",3
"crt","NS2","HT05072010-1","74/75/76","IET","RRR",3
"crt","NS2","HT05072011-4","74/75/76","IET","RRR",3
"crt","NS2","HT05082012-1","74/75/76","IET","RRR",3
"crt","NS2","HT05082013-3","74/75/76","IET","RRR",3
"crt","NS2","HT05082013-5","74/75/76","IET","RRR",3
"crt","NS2","HT05102010-1","74/75/76","IET","RRR",3
"crt","NS2","HT05102010-3","74/75/76","IET","RRR",3
"crt","NS2","HT05102013-2","74/75/76","IET","RRR",3
"crt","NS2","HT06042012-3","74/75/76","IET","RRR",3
"crt","NS2","HT06052011-7","74/75/76","IET","RRR",3
"crt","NS2","HT06052013-9","74/75/76","IET","RRR",3
"crt","NS2","HT06062013-15","74/75/76","IET","RRR",3
"crt","NS2","HT06062013-4","74/75/76","IET","RRR",3
"crt","NS2","HT06062013-9","74/75/76","IET","RRR",3
"crt","NS2","HT06072011-1","74/75/76","IET","RRR",3
"crt","NS2","HT06072011-2","74/75/76","IET","RRR",3
"crt","NS2","HT06082012-2","74/75/76","IET","RRR",3
"crt","NS2","HT06102013-1","74/75/76","IET","RRR",3
"crt","NS2","HT06112010-1","74/75/76","IET","RRR",3
"crt","NS2","HT06122011-3","74/75/76","IET","RRR",3
"crt","NS2","HT06122012-1","74/75/76","IET","RRR",3
"crt","NS2","HT06122012-2","74/75/76","IET","RRR",3
"crt","NS2","HT06122013-1","74/75/76","IET","RRR",3
"crt","NS2","HT07042012-1","74/75/76","IET","RRR",3
"crt","NS2","HT07062010-1","74/75/76","IET","RRR",3
"crt","NS2","HT07062013-8","74/75/76","IET","RRR",3
"crt","NS2","HT07072013-2","74/75/76","IET","RRR",3
"crt","NS2","HT07082012-1","74/75/76","IET","RRR",3
"crt","NS2","HT07082012-3","74/75/76","IET","RRR",3
"crt","NS2","HT07082013-2","74/75/76","IET","RRR",3
"crt","NS2","HT07092012-1","74/75/76","IET","RRR",3
"crt","NS2","HT07092013-2","74/75/76","IET","RRR",3
"crt","NS2","HT07092013-3","74/75/76","IET","RRR",3
"crt","NS2","HT07102013-1","74/75/76","IET","RRR",3
"crt","NS2","HT07122011-12","74/75/76","IET","RRR",3
"crt","NS2","HT07122011-2","74/75/76","IET","RRR",3
"crt","NS2","HT07122011-7","74/75/76","IET","RRR",3
"crt","NS2","HT08032011-3","74/75/76","IET","RRR",3
"crt","NS2","HT08032011-5","74/75/76","IET","RRR",3
"crt","NS2","HT08042011-6","74/75/76","IET","RRR",3
"crt","NS2","HT08052011-5","74/75/76","IET","RRR",3
"crt","NS2","HT08072011-2","74/75/76","IET","RRR",3
"crt","NS2","HT08072011-5","74/75/76","IET","RRR",3
"crt","NS2","HT08072011-6","74/75/76","IET","RRR",3
"crt","NS2","HT08082010-1","74/75/76","IET","RRR",3
"crt","NS2","HT08092012-1","74/75/76","IET","RRR",3
"crt","NS2","HT08112010-1","74/75/76","IET","RRR",3
"crt","NS2","HT08112010-3","74/75/76","IET","RRR",3
"crt","NS2","HT08122010-1","74/75/76","IET","RRR",3
"crt","NS2","HT08122011-6","74/75/76","IET","RRR",3
"crt","NS2","HT08122012-1","74/75/76","IET","RRR",3
"crt","NS2","HT09022013-1","74/75/76","IET","RRR",3
"crt","NS2","HT09032011-6","74/75/76","IET","RRR",3
"crt","NS2","HT09062012-12","74/75/76","IET","RRR",3
"crt","NS2","HT09062012-19","74/75/76","IET","RRR",3
"crt","NS2","HT09062012-6","74/75/76","IET","RRR",3
"crt","NS2","HT09072013-4","74/75/76","IET","RRR",3
"crt","NS2","HT09082013-1","74/75/76","IET","RRR",3
"crt","NS2","HT09092013-2","74/75/76","IET","RRR",3
"crt","NS2","HT09092013-4","74/75/76","IET","RRR",3
"crt","NS2","HT09102010-1","74/75/76","IET","RRR",3
"crt","NS2","HT09122013-1","74/75/76","IET","RRR",3
"crt","NS2","HT10052010-10","74/75/76","IET","RRR",3
"crt","NS2","HT10052010-11","74/75/76","IET","RRR",3
"crt","NS2","HT10052010-8","74/75/76","IET","RRR",3
"crt","NS2","HT10052011-9","74/75/76","IET","RRR",3
"crt","NS2","HT10052013-5","74/75/76","IET","RRR",3
"crt","NS2","HT10062011-2","74/75/76","IET","RRR",3
"crt","NS2","HT10062011-4","74/75/76","IET","RRR",3
"crt","NS2","HT10072012-2","74/75/76","IET","RRR",3
"crt","NS2","HT10072013-2","74/75/76","IET","RRR",3
"crt","NS2","HT10082010-1","74/75/76","IET","RRR",3
"crt","NS2","HT10092013-1","74/75/76","IET","RRR",3
"crt","NS2","HT10102012-1","74/75/76","IET","RRR",3
"crt","NS2","HT10112010-2","74/75/76","IET","RRR",3
"crt","NS2","HT10112013-4","74/75/76","IET","RRR",3
"crt","NS2","HT10122013-1","74/75/76","IET","RRR",3
"crt","NS2","HT11012012-9","74/75/76","IET","RRR",3
"crt","NS2","HT11022013-8","74/75/76","IET","RRR",3
"crt","NS2","HT11052011-4","74/75/76","IET","RRR",3
"crt","NS2","HT11052013-5","74/75/76","IET","RRR",3
"crt","NS2","HT11062010-3","74/75/76","IET","RRR",3
"crt","NS2","HT11062011-7","74/75/76","IET","RRR",3
"crt","NS2","HT11062011-8","74/75/76","IET","RRR",3
"crt","NS2","HT11062012-26","74/75/76","IET","RRR",3
"crt","NS2","HT11062012-6","74/75/76","IET","RRR",3
"crt","NS2","HT11072010-1","74/75/76","IET","RRR",3
"crt","NS2","HT11072010-3","74/75/76","IET","RRR",3
"crt","NS2","HT11072011-1","74/75/76","IET","RRR",3
"crt","NS2","HT11072011-3","74/75/76","IET","RRR",3
"crt","NS2","HT11072013-3","74/75/76","IET","RRR",3
"crt","NS2","HT11072013-4","74/75/76","IET","RRR",3
"crt","NS2","HT11092010-1","74/75/76","IET","RRR",3
"crt","NS2","HT11092012-1","74/75/76","IET","RRR",3
"crt","NS2","HT11092013-1","74/75/76","IET","RRR",3
"crt","NS2","HT11102010-5","74/75/76","IET","RRR",3
"crt","NS2","HT11102012-1","74/75/76","IET","RRR",3
"crt","NS2","HT11102013-1","74/75/76","IET","RRR",3
"crt","NS2","HT11102013-2","74/75/76","IET","RRR",3
"crt","NS2","HT11112010-1","74/75/76","IET","RRR",3
"crt","NS2","HT11112012-2","74/75/76","IET","RRR",3
"crt","NS2","HT11122012-3","74/75/76","IET","RRR",3
"crt","NS2","HT11122013-1","74/75/76","IET","RRR",3
"crt","NS2","HT12032013-1","74/75/76","IET","RRR",3
"crt","NS2","HT12052011-8","74/75/76","IET","RRR",3
"crt","NS2","HT12052012-11","74/75/76","IET","RRR",3
"crt","NS2","HT12052013-16","74/75/76","IET","RRR",3
"crt","NS2","HT12052013-5","74/75/76","IET","RRR",3
"crt","NS2","HT12072013-1","74/75/76","IET","RRR",3
"crt","NS2","HT12072013-7","74/75/76","IET","RRR",3
"crt","NS2","HT12082012-1","74/75/76","IET","RRR",3
"crt","NS2","HT12122010-1","74/75/76","IET","RRR",3
"crt","NS2","HT12122011-4","74/75/76","IET","RRR",3
"crt","NS2","HT12122012-3","74/75/76","IET","RRR",3
"crt","NS2","HT12122012-5","74/75/76","IET","RRR",3
"crt","NS2","HT13022013-5","74/75/76","IET","RRR",3
"crt","NS2","HT13062012-2","74/75/76","IET","RRR",3
"crt","NS2","HT13072010-4","74/75/76","IET","RRR",3
"crt","NS2","HT13072011-4","74/75/76","IET","RRR",3
"crt","NS2","HT13102010-3","74/75/76","IET","RRR",3
"crt","NS2","HT13102010-4","74/75/76","IET","RRR",3
"crt","NS2","HT13102013-1","74/75/76","IET","RRR",3
"crt","NS2","HT13102013-2","74/75/76","IET","RRR",3
"crt","NS2","HT13112012-5","74/75/76","IET","RRR",3
"crt","NS2","HT13122011-10","74/75/76","MNK","WT",0
"crt","NS2","HT13122012-3","74/75/76","IET","RRR",3
"crt","NS2","HT13122013-1","74/75/76","IET","RRR",3
"crt","NS2","HT14042011-5","74/75/76","IET","RRR",3
"crt","NS2","HT14042013-3","74/75/76","IET","RRR",3
"crt","NS2","HT14062010-3","74/75/76","IET","RRR",3
"crt","NS2","HT14062012-7","74/75/76","IET","RRR",3
"crt","NS2","HT14072012-1","74/75/76","IET","RRR",3
"crt","NS2","HT14082012-1","74/75/76","IET","RRR",3
"crt","NS2","HT14102010-2","74/75/76","IET","RRR",3
"crt","NS2","HT14102013-1","74/75/76","IET","RRR",3
"crt","NS2","HT14102013-3","74/75/76","IET","RRR",3
"crt","NS2","HT14112013-2","74/75/76","IET","RRR",3
"crt","NS2","HT14112013-3","74/75/76","IET","RRR",3
"crt","NS2","HT14112013-7","74/75/76","IET","RRR",3
"crt","NS2","HT14122010-4","74/75/76","IET","RRR",3
"crt","NS2","HT14122010-5","74/75/76","IET","RRR",3
"crt","NS2","HT14122012-4","74/75/76","IET","RRR",3
"crt","NS2","HT14122012-7","74/75/76","IET","RRR",3
"crt","NS2","HT14122012-9","74/75/76","IET","RRR",3
"crt","NS2","HT14122013-1","74/75/76","IET","RRR",3
"crt","NS2","HT14122013-2","74/75/76","IET","RRR",3
"crt","NS2","HT15032012-4","74/75/76","IET","RRR",3
"crt","NS2","HT15042012-2","74/75/76","IET","RRR",3
"crt","NS2","HT15052012-13","74/75/76","IET","RRR",3
"crt","NS2","HT15052013-1","74/75/76","IET","RRR",3
"crt","NS2","HT15062011-12","74/75/76","IET","RRR",3
"crt","NS2","HT15062013-7","74/75/76","IET","RRR",3
"crt","NS2","HT15072010-3","74/75/76","IET","RRR",3
"crt","NS2","HT15072013-2","74/75/76","IET","RRR",3
"crt","NS2","HT15072013-3","74/75/76","IET","RRR",3
"crt","NS2","HT15102013-2","74/75/76","IET","RRR",3
"crt","NS2","HT15102013-5","74/75/76","IET","RRR",3
"crt","NS2","HT15112012-2","74/75/76","IET","RRR",3
"crt","NS2","HT15112013-1","74/75/76","IET","RRR",3
"crt","NS2","HT15122010-2","74/75/76","IET","RRR",3
"crt","NS2","HT15122011-1","74/75/76","IET","RRR",3
"crt","NS2","HT15122011-3","74/75/76","IET","RRR",3
"crt","NS2","HT15122011-9","74/75/76","IET","RRR",3
"crt","NS2","HT15122012-1","74/75/76","IET","RRR",3
"crt","NS2","HT15122012-4","74/75/76","IET","RRR",3
"crt","NS2","HT16012011-1","74/75/76","IET","RRR",3
"crt","NS2","HT16022011-1","74/75/76","IET","RRR",3
"crt","NS2","HT16022011-2","74/75/76","IET","RRR",3
"crt","NS2","HT16022013-1","74/75/76","IET","RRR",3
"crt","NS2","HT16032010-7","74/75/76","IET","RRR",3
"crt","NS2","HT16032011-3","74/75/76","IET","RRR",3
"crt","NS2","HT16042011-10","74/75/76","IET","RRR",3
"crt","NS2","HT16052011-1","74/75/76","IET","RRR",3
"crt","NS2","HT16052011-5","74/75/76","IET","RRR",3
"crt","NS2","HT16052012-7","74/75/76","IET","RRR",3
"crt","NS2","HT16052013-14","74/75/76","IET","RRR",3
"crt","NS2","HT16052013-17","74/75/76","IET","RRR",3
"crt","NS2","HT16062011-1","74/75/76","IET","RRR",3
"crt","NS2","HT16062012-11","74/75/76","IET","RRR",3
"crt","NS2","HT16062012-12","74/75/76","IET","RRR",3
"crt","NS2","HT16062013-12","74/75/76","IET","RRR",3
"crt","NS2","HT16062013-17","74/75/76","IET","RRR",3
"crt","NS2","HT16072011-2","74/75/76","IET","RRR",3
"crt","NS2","HT16072011-3","74/75/76","IET","RRR",3
"crt","NS2","HT16072012-8","74/75/76","IET","RRR",3
"crt","NS2","HT16082012-4","74/75/76","IET","RRR",3
"crt","NS2","HT16092013-1","74/75/76","IET","RRR",3
"crt","NS2","HT16092013-3","74/75/76","IET","RRR",3
"crt","NS2","HT16092013-4","74/75/76","IET","RRR",3
"crt","NS2","HT16102012-2","74/75/76","IET","RRR",3
"crt","NS2","HT16102012-3","74/75/76","IET","RRR",3
"crt","NS2","HT16102013-1","74/75/76","IET","RRR",3
"crt","NS2","HT16112010-1","74/75/76","IET","RRR",3
"crt","NS2","HT16122011-3","74/75/76","IET","RRR",3
"crt","NS2","HT17022011-2","74/75/76","IET","RRR",3
"crt","NS2","HT17022011-3","74/75/76","IET","RRR",3
"crt","NS2","HT17022013-5","74/75/76","IET","RRR",3
"crt","NS2","HT17042012-1","74/75/76","IET","RRR",3
"crt","NS2","HT17042013-11","74/75/76","IET","RRR",3
"crt","NS2","HT17052011-4","74/75/76","IET","RRR",3
"crt","NS2","HT17052011-5","74/75/76","IET","RRR",3
"crt","NS2","HT17062010-1","74/75/76","IET","RRR",3
"crt","NS2","HT17062010-2","74/75/76","IET","RRR",3
"crt","NS2","HT17062013-1","74/75/76","IET","RRR",3
"crt","NS2","HT17062013-7","74/75/76","IET","RRR",3
"crt","NS2","HT17072012-11","74/75/76","IET","RRR",3
"crt","NS2","HT17072012-19","74/75/76","IET","RRR",3
"crt","NS2","HT17072012-2","74/75/76","IET","RRR",3
"crt","NS2","HT17082013-1","74/75/76","IET","RRR",3
"crt","NS2","HT17112012-4","74/75/76","IET","RRR",3
"crt","NS2","HT17122012-2","74/75/76","IET","RRR",3
"crt","NS2","HT17122012-3","74/75/76","IET","RRR",3
"crt","NS2","HT18022011-1","74/75/76","IET","RRR",3
"crt","NS2","HT18022011-4","74/75/76","IET","RRR",3
"crt","NS2","HT18022013-1","74/75/76","IET","RRR",3
"crt","NS2","HT18042011-10","74/75/76","IET","RRR",3
"crt","NS2","HT18042011-8","74/75/76","IET","RRR",3
"crt","NS2","HT18052013-3","74/75/76","IET","RRR",3
"crt","NS2","HT18072011-2","74/75/76","IET","RRR",3
"crt","NS2","HT18082010-1","74/75/76","IET","RRR",3
"crt","NS2","HT18092013-1","74/75/76","IET","RRR",3
"crt","NS2","HT18092013-2","74/75/76","IET","RRR",3
"crt","NS2","HT18092013-3","74/75/76","IET","RRR",3
"crt","NS2","HT18102010-3","74/75/76","IET","RRR",3
"crt","NS2","HT18102012-2","74/75/76","IET","RRR",3
"crt","NS2","HT18102012-3","74/75/76","IET","RRR",3
"crt","NS2","HT18122011-5","74/75/76","IET","RRR",3
"crt","NS2","HT19032010-5","74/75/76","IET","RRR",3
"crt","NS2","HT19032011-1","74/75/76","IET","RRR",3
"crt","NS2","HT19032013-7","74/75/76","IET","RRR",3
"crt","NS2","HT19052012-7","74/75/76","IET","RRR",3
"crt","NS2","HT19052013-1","74/75/76","IET","RRR",3
"crt","NS2","HT19092010-1","74/75/76","IET","RRR",3
"crt","NS2","HT19092012-1","74/75/76","IET","RRR",3
"crt","NS2","HT19102013-1","74/75/76","IET","RRR",3
"crt","NS2","HT19102013-3","74/75/76","IET","RRR",3
"crt","NS2","HT19112013-4","74/75/76","IET","RRR",3
"crt","NS2","HT19122011-5","74/75/76","IET","RRR",3
"crt","NS2","HT20022011-2","74/75/76","IET","RRR",3
"crt","NS2","HT20022012-9","74/75/76","IET","RRR",3
"crt","NS2","HT20022013-1","74/75/76","IET","RRR",3
"crt","NS2","HT20052011-1","74/75/76","IET","RRR",3
"crt","NS2","HT20052013-12","74/75/76","IET","RRR",3
"crt","NS2","HT20052013-13","74/75/76","IET","RRR",3
"crt","NS2","HT20062012-26","74/75/76","IET","RRR",3
"crt","NS2","HT20072012-5","74/75/76","IET","RRR",3
"crt","NS2","HT20072012-9","74/75/76","IET","RRR",3
"crt","NS2","HT20082013-2","74/75/76","IET","RRR",3
"crt","NS2","HT20082013-3","74/75/76","IET","RRR",3
"crt","NS2","HT20092012-1","74/75/76","IET","RRR",3
"crt","NS2","HT20092012-2","74/75/76","IET","RRR",3
"crt","NS2","HT20092012-3","74/75/76","IET","RRR",3
"crt","NS2","HT20092013-1","74/75/76","IET","RRR",3
"crt","NS2","HT20102010-2","74/75/76","IET","RRR",3
"crt","NS2","HT20102010-5","74/75/76","IET","RRR",3
"crt","NS2","HT20102012-1","74/75/76","IET","RRR",3
"crt","NS2","HT20102012-2","74/75/76","IET","RRR",3
"crt","NS2","HT20102012-3","74/75/76","IET","RRR",3
"crt","NS2","HT20102013-1","74/75/76","IET","RRR",3
"crt","NS2","HT20102013-2","74/75/76","IET","RRR",3
"crt","NS2","HT20112012-8","74/75/76","IET","RRR",3
"crt","NS2","HT21032013-2","74/75/76","IET","RRR",3
"crt","NS2","HT21052010-4","74/75/76","IET","RRR",3
"crt","NS2","HT21052010-6","74/75/76","IET","RRR",3
"crt","NS2","HT21052010-8","74/75/76","IET","RRR",3
"crt","NS2","HT21052013-7","74/75/76","IET","RRR",3
"crt","NS2","HT21062010-4","74/75/76","IET","RRR",3
"crt","NS2","HT21082012-1","74/75/76","IET","RRR",3
"crt","NS2","HT21092013-1","74/75/76","IET","RRR",3
"crt","NS2","HT21112012-2","74/75/76","IET","RRR",3
"crt","NS2","HT21112012-3","74/75/76","IET","RRR",3
"crt","NS2","HT21112013-1","74/75/76","IET","RRR",3
"crt","NS2","HT21122013-1","74/75/76","IET","RRR",3
"crt","NS2","HT22022011-1","74/75/76","IET","RRR",3
"crt","NS2","HT22032011-2","74/75/76","IET","RRR",3
"crt","NS2","HT22042011-2","74/75/76","IET","RRR",3
"crt","NS2","HT22042011-3","74/75/76","IET","RRR",3
"crt","NS2","HT22042013-17","74/75/76","IET","RRR",3
"crt","NS2","HT22052012-10","74/75/76","IET","RRR",3
"crt","NS2","HT22052012-16","74/75/76","IET","RRR",3
"crt","NS2","HT22052012-22","74/75/76","IET","RRR",3
"crt","NS2","HT22052013-4","74/75/76","IET","RRR",3
"crt","NS2","HT22062011-1","74/75/76","IET","RRR",3
"crt","NS2","HT22072010-1","74/75/76","IET","RRR",3
"crt","NS2","HT22092013-2","74/75/76","IET","RRR",3
"crt","NS2","HT22102010-1","74/75/76","IET","RRR",3
"crt","NS2","HT22102010-2","74/75/76","IET","RRR",3
"crt","NS2","HT22102010-3","74/75/76","IET","RRR",3
"crt","NS2","HT22102012-2","74/75/76","IET","RRR",3
"crt","NS2","HT22102012-5","74/75/76","IET","RRR",3
"crt","NS2","HT22112012-3","74/75/76","IET","RRR",3
"crt","NS2","HT22112012-7","74/75/76","IET","RRR",3
"crt","NS2","HT22112013-1","74/75/76","IET","RRR",3
"crt","NS2","HT22122012-3","74/75/76","IET","RRR",3
"crt","NS2","HT22122012-4","74/75/76","IET","RRR",3
"crt","NS2","HT23022011-1","74/75/76","IET","RRR",3
"crt","NS2","HT23032012-4","74/75/76","IET","RRR",3
"crt","NS2","HT23032013-3","74/75/76","IET","RRR",3
"crt","NS2","HT23052012-14","74/75/76","IET","RRR",3
"crt","NS2","HT23052012-5","74/75/76","IET","RRR",3
"crt","NS2","HT23052013-4","74/75/76","IET","RRR",3
"crt","NS2","HT23062010-1","74/75/76","IET","RRR",3
"crt","NS2","HT23062013-1","74/75/76","IET","RRR",3
"crt","NS2","HT23072010-1","74/75/76","IET","RRR",3
"crt","NS2","HT23082013-1","74/75/76","IET","RRR",3
"crt","NS2","HT23082013-2","74/75/76","IET","RRR",3
"crt","NS2","HT23082013-5","74/75/76","IET","RRR",3
"crt","NS2","HT23092013-1","74/75/76","IET","RRR",3
"crt","NS2","HT23102012-3","74/75/76","IET","RRR",3
"crt","NS2","HT23112012-2","74/75/76","IET","RRR",3
"crt","NS2","HT23112012-3","74/75/76","IET","RRR",3
"crt","NS2","HT23122010-1","74/75/76","IET","RRR",3
"crt","NS2","HT24042013-5","74/75/76","IET","RRR",3
"crt","NS2","HT24052011-5","74/75/76","IET","RRR",3
"crt","NS2","HT24052012-7","74/75/76","IET","RRR",3
"crt","NS2","HT24052013-1","74/75/76","IET","RRR",3
"crt","NS2","HT24052013-2","74/75/76","IET","RRR",3
"crt","NS2","HT24062013-12","74/75/76","IET","RRR",3
"crt","NS2","HT24082012-2","74/75/76","IET","RRR",3
"crt","NS2","HT24112013-1","74/75/76","IET","RRR",3
"crt","NS2","HT24122010-2","74/75/76","IET","RRR",3
"crt","NS2","HT25012011-1","74/75/76","IET","RRR",3
"crt","NS2","HT25042012-4","74/75/76","IET","RRR",3
"crt","NS2","HT25042012-6","74/75/76","IET","RRR",3
"crt","NS2","HT25042013-6","74/75/76","IET","RRR",3
"crt","NS2","HT25052011-5","74/75/76","IET","RRR",3
"crt","NS2","HT25052011-6","74/75/76","IET","RRR",3
"crt","NS2","HT25062013-2","74/75/76","IET","RRR",3
"crt","NS2","HT25072013-1","74/75/76","IET","RRR",3
"crt","NS2","HT25112012-1","74/75/76","IET","RRR",3
"crt","NS2","HT25112012-6","74/75/76","IET","RRR",3
"crt","NS2","HT26022011-1","74/75/76","IET","RRR",3
"crt","NS2","HT26032010-7","74/75/76","IET","RRR",3
"crt","NS2","HT26032011-1","74/75/76","IET","RRR",3
"crt","NS2","HT26032011-5","74/75/76","IET","RRR",3
"crt","NS2","HT26052012-1","74/75/76","IET","RRR",3
"crt","NS2","HT26052013-2","74/75/76","IET","RRR",3
"crt","NS2","HT26052013-7","74/75/76","IET","RRR",3
"crt","NS2","HT26062012-4","74/75/76","IET","RRR",3
"crt","NS2","HT26072011-2","74/75/76","IET","RRR",3
"crt","NS2","HT26072013-3","74/75/76","IET","RRR",3
"crt","NS2","HT26082013-1","74/75/76","IET","RRR",3
"crt","NS2","HT26092012-2","74/75/76","IET","RRR",3
"crt","NS2","HT26102012-1","74/75/76","IET","RRR",3
"crt","NS2","HT26102012-4","74/75/76","IET","RRR",3
"crt","NS2","HT26102013-1","74/75/76","IET","RRR",3
"crt","NS2","HT26112012-4","74/75/76","IET","RRR",3
"crt","NS2","HT26112012-7","74/75/76","IET","RRR",3
"crt","NS2","HT26112013-4","74/75/76","IET","RRR",3
"crt","NS2","HT26122010-2","74/75/76","IET","RRR",3
"crt","NS2","HT26122011-2","74/75/76","IET","RRR",3
"crt","NS2","HT26122011-4","74/75/76","IET","RRR",3
"crt","NS2","HT26122013-1","74/75/76","MNK","WT",0
"crt","NS2","HT27032012-5","74/75/76","IET","RRR",3
"crt","NS2","HT27042011-5","74/75/76","IET","RRR",3
"crt","NS2","HT27042013-2","74/75/76","IET","RRR",3
"crt","NS2","HT27062012-5","74/75/76","IET","RRR",3
"crt","NS2","HT27072011-1","74/75/76","IET","RRR",3
"crt","NS2","HT27082012-2","74/75/76","IET","RRR",3
"crt","NS2","HT27112010-3","74/75/76","IET","RRR",3
"crt","NS2","HT27122010-3","74/75/76","IET","RRR",3
"crt","NS2","HT28022011-1","74/75/76","MNK","WT",0
"crt","NS2","HT28032010-1","74/75/76","IET","RRR",3
"crt","NS2","HT28032010-4","74/75/76","IET","RRR",3
"crt","NS2","HT28032011-1","74/75/76","IET","RRR",3
"crt","NS2","HT28052010-2","74/75/76","IET","RRR",3
"crt","NS2","HT28062010-2","74/75/76","IET","RRR",3
"crt","NS2","HT28072010-1","74/75/76","IET","RRR",3
"crt","NS2","HT28072010-2","74/75/76","IET","RRR",3
"crt","NS2","HT28072011-2","74/75/76","IET","RRR",3
"crt","NS2","HT28072012-3","74/75/76","IET","RRR",3
"crt","NS2","HT28092010-3","74/75/76","IET","RRR",3
"crt","NS2","HT28092012-3","74/75/76","IET","RRR",3
"crt","NS2","HT28112012-4","74/75/76","IET","RRR",3
"crt","NS2","HT28112013-2","74/75/76","IET","RRR",3
"crt","NS2","HT28112013-4","74/75/76","IET","RRR",3
"crt","NS2","HT29052012-16","74/75/76","IET","RRR",3
"crt","NS2","HT29052012-6","74/75/76","IET","RRR",3
"crt","NS2","HT29052013-4","74/75/76","IET","RRR",3
"crt","NS2","HT29062011-4","74/75/76","IET","RRR",3
"crt","NS2","HT29072013-1","74/75/76","IET","RRR",3
"crt","NS2","HT29082012-2","74/75/76","IET","RRR",3
"crt","NS2","HT29092010-2","74/75/76","IET","RRR",3
"crt","NS2","HT29092013-2","74/75/76","IET","RRR",3
"crt","NS2","HT29092013-3","74/75/76","IET","RRR",3
"crt","NS2","HT29102010-1","74/75/76","IET","RRR",3
"crt","NS2","HT29112010-2","74/75/76","IET","RRR",3
"crt","NS2","HT29122010-1","74/75/76","IET","RRR",3
"crt","NS2","HT29122012-4","74/75/76","IET","RRR",3
"crt","NS2","HT30032013-1","74/75/76","IET","RRR",3
"crt","NS2","HT30042010-8","74/75/76","IET","RRR",3
"crt","NS2","HT30042013-1","74/75/76","IET","RRR",3
"crt","NS2","HT30042013-10","74/75/76","IET","RRR",3
"crt","NS2","HT30052011-1","74/75/76","IET","RRR",3
"crt","NS2","HT30052011-6","74/75/76","IET","RRR",3
"crt","NS2","HT30072013-3","74/75/76","IET","RRR",3
"crt","NS2","HT30082010-2","74/75/76","IET","RRR",3
"crt","NS2","HT30092013-1","74/75/76","IET","RRR",3
"crt","NS2","HT31032013-3","74/75/76","IET","RRR",3
"crt","NS2","HT31082013-1","74/75/76","IET","RRR",3
"crt","NS2","HT31082013-2","74/75/76","IET","RRR",3
